date,year,month,Region,Product,Channel,DP,seasonality_index,sentiment_index,fx_rate,inflation_index,promo_depth,capacity_utilization,stockout_flag,units,price,revenue,cogs,gross_profit,marketing_expense,other_opex,ebitda,depreciation,ebit,interest,taxes,net_income
2023-01-01,2023,1,North America,Enterprise,Direct Sales,Undefined,1.0,1.0457,0.9937,1.0033,0.3249,0.733,0,26073.0,36.44,949989.31,428350.18,521639.13,94998.93,189997.86,236642.34,6250.0,230392.34,2333.33,52453.57,175605.43
2023-01-01,2023,1,North America,Enterprise,Partner Network,Undefined,1.0,1.0457,0.9937,1.0033,0.1402,0.6585,0,23422.0,38.67,905778.02,408415.31,497362.71,90577.8,181155.6,225629.3,6250.0,219379.3,2333.33,49920.57,167125.4
2023-01-01,2023,1,North America,Pro Plan,Direct Sales,Undefined,1.0,1.0457,0.9937,1.0033,0.1671,0.6686,0,23782.0,38.35,911935.17,411191.57,500743.6,91193.52,182387.03,227163.05,6250.0,220913.05,2333.33,50273.34,168306.38
2023-01-01,2023,1,North America,Pro Plan,Partner Network,Undefined,1.0,1.0457,0.9937,1.0033,0.1612,0.6664,0,23702.0,38.42,910576.43,410578.91,499997.52,91057.64,182115.29,226824.59,6250.0,220574.59,2333.33,50195.49,168045.77
2023-01-01,2023,1,North America,Professional Services,Direct Sales,Undefined,1.0,1.0457,0.9937,1.0033,0.1087,0.647,0,23011.0,39.05,898689.47,405219.08,493470.39,89868.95,179737.89,223863.55,6250.0,217613.55,2333.33,49514.45,165765.76
2023-01-01,2023,1,North America,Professional Services,Partner Network,Undefined,1.0,1.0457,0.9937,1.0033,0.0853,0.6386,0,22713.0,39.34,893498.0,402878.25,490619.75,89349.8,178699.6,222570.35,6250.0,216320.35,2333.33,49217.01,164770.0
2023-01-01,2023,1,Europe,Enterprise,Direct Sales,Undefined,1.0,1.0457,0.9937,1.0033,0.2211,0.6896,0,24529.0,37.69,924559.25,416883.77,507675.48,92455.92,184911.85,230307.71,6250.0,224057.71,2333.33,50996.61,170727.77
2023-01-01,2023,1,Europe,Enterprise,Partner Network,Undefined,1.0,1.0457,0.9937,1.0033,0.2249,0.6911,0,24583.0,37.65,925460.21,417290.01,508170.2,92546.02,185092.04,230532.14,6250.0,224282.14,2333.33,51048.22,170900.58
2023-01-01,2023,1,Europe,Pro Plan,Direct Sales,Undefined,1.0,1.0457,0.9937,1.0033,0.2051,0.6833,0,24303.0,37.89,920763.86,415172.42,505591.44,92076.39,184152.77,229362.28,6250.0,223112.28,2333.33,50779.16,169999.79
2023-01-01,2023,1,Europe,Pro Plan,Partner Network,Undefined,1.0,1.0457,0.9937,1.0033,0.1108,0.6477,0,23039.0,39.03,899159.71,405431.11,493728.6,89915.97,179831.94,223980.68,6250.0,217730.68,2333.33,49541.39,165855.96
2023-01-01,2023,1,Europe,Professional Services,Direct Sales,Undefined,1.0,1.0457,0.9937,1.0033,0.2904,0.7182,0,25543.0,36.85,941363.41,424460.76,516902.65,94136.34,188272.68,234493.62,6250.0,228243.62,2333.33,51959.37,173950.92
2023-01-01,2023,1,Europe,Professional Services,Partner Network,Undefined,1.0,1.0457,0.9937,1.0033,0.0617,0.6303,0,22419.0,39.62,888340.86,400552.89,487787.96,88834.09,177668.17,221285.71,6250.0,215035.71,2333.33,48921.55,163780.83
2023-02-01,2023,2,North America,Enterprise,Direct Sales,Undefined,1.0,0.8783,0.9886,1.0067,0.2513,0.6559,0,23330.0,37.32,870669.18,394685.44,475983.74,87066.92,174133.84,214782.99,6250.0,208532.99,2333.33,47425.92,158773.73
2023-02-01,2023,2,North America,Enterprise,Partner Network,Undefined,1.0,0.8783,0.9886,1.0067,0.1888,0.6326,0,22502.0,38.08,856791.02,388394.29,468396.73,85679.1,171358.2,211359.42,6250.0,205109.42,2333.33,46638.5,156137.59
2023-02-01,2023,2,North America,Pro Plan,Direct Sales,Undefined,1.0,0.8783,0.9886,1.0067,0.0654,0.5903,0,20996.0,39.57,830812.41,376617.86,454194.56,83081.24,166162.48,204950.83,6250.0,198700.83,2333.33,45164.52,151202.97
2023-02-01,2023,2,North America,Pro Plan,Partner Network,Undefined,1.0,0.8783,0.9886,1.0067,0.272,0.6639,0,23615.0,37.07,875371.5,396817.06,478554.44,87537.15,175074.3,215942.99,6250.0,209692.99,2333.33,47692.72,159666.94
2023-02-01,2023,2,North America,Professional Services,Direct Sales,Undefined,1.0,0.8783,0.9886,1.0067,0.1746,0.6275,0,22320.0,38.25,853703.08,386994.49,466708.59,85370.31,170740.62,210597.67,6250.0,204347.67,2333.33,46463.3,155551.04
2023-02-01,2023,2,North America,Professional Services,Partner Network,Undefined,1.0,0.8783,0.9886,1.0067,0.4767,0.752,0,26748.0,34.59,925206.66,419407.97,505798.69,92520.67,185041.33,228236.69,6250.0,221986.69,2333.33,50520.27,169133.09
2023-02-01,2023,2,Europe,Enterprise,Direct Sales,Undefined,1.0,0.8783,0.9886,1.0067,0.1614,0.6229,0,22154.0,38.41,850870.37,385710.38,465159.99,85087.04,170174.07,209898.88,6250.0,203648.88,2333.33,46302.57,155012.97
2023-02-01,2023,2,Europe,Enterprise,Partner Network,Undefined,1.0,0.8783,0.9886,1.0067,0.4197,0.7257,0,25813.0,35.28,910687.9,412826.43,497861.47,91068.79,182137.58,224655.1,6250.0,218405.1,2333.33,49696.51,166375.26
2023-02-01,2023,2,Europe,Pro Plan,Direct Sales,Undefined,1.0,0.8783,0.9886,1.0067,0.1125,0.6059,0,21552.0,39.0,840518.15,381017.59,459500.56,84051.81,168103.63,207345.11,6250.0,201095.11,2333.33,45715.21,153046.57
2023-02-01,2023,2,Europe,Pro Plan,Partner Network,Undefined,1.0,0.8783,0.9886,1.0067,0.0444,0.5835,0,20755.0,39.83,826554.95,374687.89,451867.05,82655.49,165310.99,203900.57,6250.0,197650.57,2333.33,44922.96,150394.27
2023-02-01,2023,2,Europe,Professional Services,Direct Sales,Undefined,1.0,0.8783,0.9886,1.0067,0.3954,0.715,0,25430.0,35.57,904657.45,410092.75,494564.7,90465.74,180931.49,223167.46,6250.0,216917.46,2333.33,49354.35,165229.78
2023-02-01,2023,2,Europe,Professional Services,Partner Network,Undefined,1.0,0.8783,0.9886,1.0067,0.0262,0.5778,0,20550.0,40.05,822920.63,373040.41,449880.22,82292.06,164584.13,203004.03,6250.0,196754.03,2333.33,44716.76,149703.94
2023-03-01,2023,3,North America,Enterprise,Direct Sales,Undefined,1.0,1.0213,0.9961,1.01,0.0828,0.6278,0,22329.0,39.5,882002.35,399908.15,482094.21,88200.24,176400.47,217493.5,6250.0,211243.5,2333.33,48049.34,160860.83
2023-03-01,2023,3,North America,Enterprise,Partner Network,Undefined,1.0,1.0213,0.9961,1.01,0.2737,0.7,0,24898.0,37.18,925743.5,419740.8,506002.71,92574.35,185148.7,228279.66,6250.0,222029.66,2333.33,50530.15,169166.17
2023-03-01,2023,3,North America,Pro Plan,Direct Sales,Undefined,1.0,1.0213,0.9961,1.01,0.1659,0.6577,0,23394.0,38.49,900465.7,408279.6,492186.1,90046.57,180093.14,222046.39,6250.0,215796.39,2333.33,49096.5,164366.55
2023-03-01,2023,3,North America,Pro Plan,Partner Network,Undefined,1.0,1.0213,0.9961,1.01,0.1723,0.6601,0,23479.0,38.41,901909.65,408934.3,492975.34,90190.96,180381.93,222402.45,6250.0,216152.45,2333.33,49178.4,164640.72
2023-03-01,2023,3,North America,Professional Services,Direct Sales,Undefined,1.0,1.0213,0.9961,1.01,0.3774,0.7448,0,26492.0,35.92,951639.62,431482.34,520157.28,95163.96,190327.92,234665.4,6250.0,228415.4,2333.33,51998.87,174083.19
2023-03-01,2023,3,North America,Professional Services,Partner Network,Undefined,1.0,1.0213,0.9961,1.01,0.3053,0.7132,0,25367.0,36.8,933462.81,423240.8,510222.01,93346.28,186692.56,230183.17,6250.0,223933.17,2333.33,50967.96,170631.87
2023-03-01,2023,3,Europe,Enterprise,Direct Sales,Undefined,1.0,1.0213,0.9961,1.01,0.1287,0.644,0,22907.0,38.94,892080.77,404477.8,487602.97,89208.08,178416.15,219978.74,6250.0,213728.74,2333.33,48620.94,162774.47
2023-03-01,2023,3,Europe,Enterprise,Partner Network,Undefined,1.0,1.0213,0.9961,1.01,0.0373,0.6123,0,21777.0,40.05,872249.42,395486.08,476763.34,87224.94,174449.88,215088.52,6250.0,208838.52,2333.33,47496.19,159008.99
2023-03-01,2023,3,Europe,Pro Plan,Direct Sales,Undefined,1.0,1.0213,0.9961,1.01,0.1133,0.6385,0,22710.0,39.13,888670.45,402931.53,485738.92,88867.04,177734.09,219137.79,6250.0,212887.79,2333.33,48427.52,162126.93
2023-03-01,2023,3,Europe,Pro Plan,Partner Network,Undefined,1.0,1.0213,0.9961,1.01,0.1178,0.6401,0,22767.0,39.08,889662.87,403381.5,486281.37,88966.29,177932.57,219382.51,6250.0,213132.51,2333.33,48483.81,162315.37
2023-03-01,2023,3,Europe,Professional Services,Direct Sales,Undefined,1.0,1.0213,0.9961,1.01,0.3,0.711,0,25287.0,36.86,932156.76,422648.63,509508.13,93215.68,186431.35,229861.11,6250.0,223611.11,2333.33,50893.89,170383.88
2023-03-01,2023,3,Europe,Professional Services,Partner Network,Undefined,1.0,1.0213,0.9961,1.01,0.4305,0.7695,0,27370.0,35.28,965533.71,437782.05,527751.66,96553.37,193106.74,238091.55,6250.0,231841.55,2333.33,52786.89,176721.33
2023-04-01,2023,4,North America,Enterprise,Direct Sales,Undefined,1.0,1.157,1.0013,1.0134,0.0595,0.6497,0,23110.0,39.9,922066.58,420317.03,501749.55,92206.66,184413.32,225129.58,6250.0,218879.58,2333.33,49805.64,166740.61
2023-04-01,2023,4,North America,Enterprise,Partner Network,Undefined,1.0,1.157,1.0013,1.0134,0.1612,0.6877,0,24460.0,38.66,945626.07,431056.44,514569.63,94562.61,189125.21,230881.81,6250.0,224631.81,2333.33,51128.65,171169.82
2023-04-01,2023,4,North America,Pro Plan,Direct Sales,Undefined,1.0,1.157,1.0013,1.0134,0.3529,0.7694,0,27364.0,36.32,993981.87,453099.06,540882.8,99398.19,198796.37,242688.24,6250.0,236438.24,2333.33,53844.13,180260.78
2023-04-01,2023,4,North America,Pro Plan,Partner Network,Undefined,1.0,1.157,1.0013,1.0134,0.127,0.6746,0,23993.0,39.08,937561.59,427380.31,510181.28,93756.16,187512.32,228912.8,6250.0,222662.8,2333.33,50675.78,169653.69
2023-04-01,2023,4,North America,Professional Services,Direct Sales,Undefined,1.0,1.157,1.0013,1.0134,0.289,0.7405,0,26339.0,37.1,977257.56,445475.42,531782.15,97725.76,195451.51,238604.88,6250.0,232354.88,2333.33,52904.96,177116.59
2023-04-01,2023,4,North America,Professional Services,Partner Network,Undefined,1.0,1.157,1.0013,1.0134,0.2594,0.7278,0,25885.0,37.46,969730.77,442044.39,527686.38,96973.08,193946.15,236767.15,6250.0,230517.15,2333.33,52482.28,175701.54
2023-04-01,2023,4,Europe,Enterprise,Direct Sales,Undefined,1.0,1.157,1.0013,1.0134,0.2536,0.7253,0,25797.0,37.53,968265.86,441376.62,526889.24,96826.59,193653.17,236409.48,6250.0,230159.48,2333.33,52400.01,175426.14
2023-04-01,2023,4,Europe,Enterprise,Partner Network,Undefined,1.0,1.157,1.0013,1.0134,0.1458,0.6817,0,24248.0,38.85,941980.62,429394.69,512585.93,94198.06,188396.12,229991.74,6250.0,223741.74,2333.33,50923.93,170484.48
2023-04-01,2023,4,Europe,Pro Plan,Direct Sales,Undefined,1.0,1.157,1.0013,1.0134,0.0953,0.6627,0,23571.0,39.46,930197.64,424023.51,506174.13,93019.76,186039.53,227114.84,6250.0,220864.84,2333.33,50262.25,168269.26
2023-04-01,2023,4,Europe,Pro Plan,Partner Network,Undefined,1.0,1.157,1.0013,1.0134,0.1556,0.6855,0,24383.0,38.73,944303.03,430453.34,513849.68,94430.3,188860.61,230558.78,6250.0,224308.78,2333.33,51054.35,170921.09
2023-04-01,2023,4,Europe,Professional Services,Direct Sales,Undefined,1.0,1.157,1.0013,1.0134,0.2659,0.7305,0,25984.0,37.38,971371.27,442792.19,528579.07,97137.13,194274.25,237167.69,6250.0,230917.69,2333.33,52574.4,176009.96
2023-04-01,2023,4,Europe,Professional Services,Partner Network,Undefined,1.0,1.157,1.0013,1.0134,0.0282,0.6387,0,22717.0,40.28,915060.8,417123.5,497937.3,91506.08,183012.16,223419.06,6250.0,217169.06,2333.33,49412.22,165423.51
2023-05-01,2023,5,North America,Enterprise,Direct Sales,Undefined,1.0,0.8251,1.0072,1.0168,0.5408,0.7528,0,26774.0,34.14,914060.76,419092.72,494968.04,91406.08,182812.15,220749.81,6250.0,214499.81,2333.33,48798.29,163368.19
2023-05-01,2023,5,North America,Enterprise,Partner Network,Undefined,1.0,0.8251,1.0072,1.0168,0.0175,0.5526,0,19654.0,40.54,796718.75,365291.94,431426.81,79671.88,159343.75,192411.19,6250.0,186161.19,2333.33,42280.41,141547.45
2023-05-01,2023,5,North America,Pro Plan,Direct Sales,Undefined,1.0,0.8251,1.0072,1.0168,0.0315,0.5568,0,19805.0,40.37,799418.02,366529.54,432888.48,79941.8,159883.6,193063.07,6250.0,186813.07,2333.33,42430.34,142049.4
2023-05-01,2023,5,North America,Pro Plan,Partner Network,Undefined,1.0,0.8251,1.0072,1.0168,0.0837,0.573,0,20381.0,39.73,809669.92,371229.99,438439.93,80966.99,161933.98,195538.95,6250.0,189288.95,2333.33,42999.79,143955.83
2023-05-01,2023,5,North America,Professional Services,Direct Sales,Undefined,1.0,0.8251,1.0072,1.0168,0.1329,0.589,0,20948.0,39.13,819614.29,375789.44,443824.85,81961.43,163922.86,197940.56,6250.0,191690.56,2333.33,43552.16,145805.07
2023-05-01,2023,5,North America,Professional Services,Partner Network,Undefined,1.0,0.8251,1.0072,1.0168,0.1759,0.6035,0,21464.0,38.6,828530.71,379877.58,448653.13,82853.07,165706.14,200093.92,6250.0,193843.92,2333.33,44047.43,147463.15
2023-05-01,2023,5,Europe,Enterprise,Direct Sales,Undefined,1.0,0.8251,1.0072,1.0168,0.1799,0.6048,0,21513.0,38.55,829367.63,380261.31,449106.33,82936.76,165873.53,200296.04,6250.0,194046.04,2333.33,44093.92,147618.78
2023-05-01,2023,5,Europe,Enterprise,Partner Network,Undefined,1.0,0.8251,1.0072,1.0168,0.1935,0.6096,0,21682.0,38.38,832249.99,381582.85,450667.14,83225.0,166450.0,200992.14,6250.0,194742.14,2333.33,44254.03,148154.78
2023-05-01,2023,5,Europe,Pro Plan,Direct Sales,Undefined,1.0,0.8251,1.0072,1.0168,0.1082,0.5809,0,20660.0,39.43,814585.27,373483.66,441101.61,81458.53,162917.05,196726.03,6250.0,190476.03,2333.33,43272.82,144869.88
2023-05-01,2023,5,Europe,Pro Plan,Partner Network,Undefined,1.0,0.8251,1.0072,1.0168,0.4466,0.7092,0,25223.0,35.29,890132.51,408121.72,482010.78,89013.25,178026.5,214971.03,6250.0,208721.03,2333.33,47469.17,158918.53
2023-05-01,2023,5,Europe,Professional Services,Direct Sales,Undefined,1.0,0.8251,1.0072,1.0168,0.1503,0.5948,0,21154.0,38.91,823191.01,377429.35,445761.66,82319.1,164638.2,198804.36,6250.0,192554.36,2333.33,43750.84,146470.19
2023-05-01,2023,5,Europe,Professional Services,Partner Network,Undefined,1.0,0.8251,1.0072,1.0168,0.1835,0.6061,0,21557.0,38.51,830120.96,380606.7,449514.26,83012.1,166024.19,200477.97,6250.0,194227.97,2333.33,44135.77,147758.87
2023-06-01,2023,6,North America,Enterprise,Direct Sales,Undefined,1.0,0.6735,1.0133,1.0202,0.067,0.5277,0,18769.0,40.06,751858.6,346792.62,405065.97,75185.86,150371.72,179508.39,6250.0,173258.39,2333.33,39312.76,131612.3
2023-06-01,2023,6,North America,Enterprise,Partner Network,Undefined,1.0,0.6735,1.0133,1.0202,0.1586,0.5554,0,19754.0,38.94,769153.4,354769.8,414383.6,76915.34,153830.68,183637.58,6250.0,177387.58,2333.33,40262.48,134791.77
2023-06-01,2023,6,North America,Pro Plan,Direct Sales,Undefined,1.0,0.6735,1.0133,1.0202,0.3839,0.6341,0,22553.0,36.17,815808.41,376289.29,439519.12,81580.84,163161.68,194776.59,6250.0,188526.59,2333.33,42824.45,143368.81
2023-06-01,2023,6,North America,Pro Plan,Partner Network,Undefined,1.0,0.6735,1.0133,1.0202,0.3561,0.6235,0,22176.0,36.51,809716.48,373479.41,436237.07,80971.65,161943.3,193322.13,6250.0,187072.13,2333.33,42489.92,142248.87
2023-06-01,2023,6,North America,Professional Services,Direct Sales,Undefined,1.0,0.6735,1.0133,1.0202,0.3282,0.6131,0,21806.0,36.86,803690.33,370699.86,432990.47,80369.03,160738.07,191883.37,6250.0,185633.37,2333.33,42159.01,141141.03
2023-06-01,2023,6,North America,Professional Services,Partner Network,Undefined,1.0,0.6735,1.0133,1.0202,0.1899,0.5654,0,20110.0,38.55,775281.64,357596.43,417685.2,77528.16,155056.33,185100.71,6250.0,178850.71,2333.33,40599.0,135918.38
2023-06-01,2023,6,Europe,Enterprise,Direct Sales,Undefined,1.0,0.6735,1.0133,1.0202,0.1819,0.5628,0,20019.0,38.65,773713.33,356873.05,416840.27,77371.33,154742.67,184726.27,6250.0,178476.27,2333.33,40512.88,135630.06
2023-06-01,2023,6,Europe,Enterprise,Partner Network,Undefined,1.0,0.6735,1.0133,1.0202,0.3327,0.6148,0,21866.0,36.8,804667.67,371150.66,433517.01,80466.77,160933.53,192116.71,6250.0,185866.71,2333.33,42212.68,141320.7
2023-06-01,2023,6,Europe,Pro Plan,Direct Sales,Undefined,1.0,0.6735,1.0133,1.0202,0.1403,0.5497,0,19551.0,39.16,765636.19,353147.5,412488.69,76563.62,153127.24,182797.83,6250.0,176547.83,2333.33,40069.34,134145.17
2023-06-01,2023,6,Europe,Pro Plan,Partner Network,Undefined,1.0,0.6735,1.0133,1.0202,0.2691,0.592,0,21055.0,37.58,791262.23,364967.43,426294.79,79126.22,158252.45,188916.12,6250.0,182666.12,2333.33,41476.54,138856.25
2023-06-01,2023,6,Europe,Professional Services,Direct Sales,Undefined,1.0,0.6735,1.0133,1.0202,0.2232,0.5763,0,20499.0,38.14,781904.89,360651.39,421253.5,78190.49,156380.98,186682.03,6250.0,180432.03,2333.33,40962.7,137136.0
2023-06-01,2023,6,Europe,Professional Services,Partner Network,Undefined,1.0,0.6735,1.0133,1.0202,0.2002,0.5687,0,20229.0,38.43,777317.9,358535.65,418782.24,77731.79,155463.58,185586.88,6250.0,179336.88,2333.33,40710.81,136292.73
2023-07-01,2023,7,North America,Enterprise,Direct Sales,Undefined,1.0,0.7743,1.045,1.0236,0.3366,0.6324,0,22493.0,37.15,835630.24,394067.9,441562.34,83563.02,167126.05,190873.27,6250.0,184623.27,2333.33,41926.68,140363.25
2023-07-01,2023,7,North America,Enterprise,Partner Network,Undefined,1.0,0.7743,1.045,1.0236,0.0591,0.5392,0,19179.0,40.59,778471.45,367112.86,411358.59,77847.14,155694.29,177817.15,6250.0,171567.15,2333.33,38923.78,130310.04
2023-07-01,2023,7,North America,Pro Plan,Direct Sales,Undefined,1.0,0.7743,1.045,1.0236,0.2322,0.5946,0,21148.0,38.45,813041.65,383415.54,429626.11,81304.17,162608.33,185713.62,6250.0,179463.62,2333.33,40739.97,136390.32
2023-07-01,2023,7,North America,Pro Plan,Partner Network,Undefined,1.0,0.7743,1.045,1.0236,0.4098,0.6612,0,23517.0,36.24,852320.66,401938.8,450381.86,85232.07,170464.13,194685.67,6250.0,188435.67,2333.33,42803.54,143298.8
2023-07-01,2023,7,North America,Professional Services,Direct Sales,Undefined,1.0,0.7743,1.045,1.0236,0.1693,0.5735,0,20397.0,39.22,800086.38,377306.07,422780.31,80008.64,160017.28,182754.4,6250.0,176504.4,2333.33,40059.34,134111.72
2023-07-01,2023,7,North America,Professional Services,Partner Network,Undefined,1.0,0.7743,1.045,1.0236,0.2291,0.5935,0,21111.0,38.48,812398.19,383112.09,429286.1,81239.82,162479.64,185566.64,6250.0,179316.64,2333.33,40706.16,136277.15
2023-07-01,2023,7,Europe,Enterprise,Direct Sales,Undefined,1.0,0.7743,1.045,1.0236,0.1905,0.5805,0,20646.0,38.96,804398.17,379339.43,425058.74,80439.82,160879.63,183739.29,6250.0,177489.29,2333.33,40285.87,134870.09
2023-07-01,2023,7,Europe,Enterprise,Partner Network,Undefined,1.0,0.7743,1.045,1.0236,0.1446,0.5655,0,20114.0,39.53,795119.77,374963.91,420155.87,79511.98,159023.95,181619.93,6250.0,175369.93,2333.33,39798.42,133238.18
2023-07-01,2023,7,Europe,Pro Plan,Direct Sales,Undefined,1.0,0.7743,1.045,1.0236,0.0485,0.5361,0,19068.0,40.72,776465.95,366167.1,410298.84,77646.59,155293.19,177359.06,6250.0,171109.06,2333.33,38818.42,129957.31
2023-07-01,2023,7,Europe,Pro Plan,Partner Network,Undefined,1.0,0.7743,1.045,1.0236,0.0736,0.5435,0,19333.0,40.41,781245.8,368421.2,412824.61,78124.58,156249.16,178450.86,6250.0,172200.86,2333.33,39069.53,130798.0
2023-07-01,2023,7,Europe,Professional Services,Direct Sales,Undefined,1.0,0.7743,1.045,1.0236,0.2828,0.6125,0,21784.0,37.82,823816.93,388496.96,435319.97,82381.69,164763.39,188174.89,6250.0,181924.89,2333.33,41306.06,138285.5
2023-07-01,2023,7,Europe,Professional Services,Partner Network,Undefined,1.0,0.7743,1.045,1.0236,0.6713,0.7826,0,27837.0,33.0,918659.75,433223.1,485436.66,91865.98,183731.95,209838.73,6250.0,203588.73,2333.33,46288.74,154966.66
2023-08-01,2023,8,North America,Enterprise,Direct Sales,Undefined,1.0,0.7833,1.0388,1.027,0.0877,0.5504,0,19578.0,40.22,787353.78,370595.32,416758.46,78735.38,157470.76,180552.32,6250.0,174302.32,2333.33,39552.87,132416.12
2023-08-01,2023,8,North America,Enterprise,Partner Network,Undefined,1.0,0.7833,1.0388,1.027,0.0835,0.5492,0,19533.0,40.27,786548.54,370216.31,416332.23,78654.85,157309.71,180367.67,6250.0,174117.67,2333.33,39510.4,132273.94
2023-08-01,2023,8,North America,Pro Plan,Direct Sales,Undefined,1.0,0.7833,1.0388,1.027,0.2378,0.5994,0,21320.0,38.36,817757.47,384905.87,432851.6,81775.75,163551.49,187524.36,6250.0,181274.36,2333.33,41156.44,137784.59
2023-08-01,2023,8,North America,Pro Plan,Partner Network,Undefined,1.0,0.7833,1.0388,1.027,0.2246,0.5948,0,21157.0,38.52,814970.8,383594.23,431376.57,81497.08,162994.16,186885.33,6250.0,180635.33,2333.33,41009.46,137292.54
2023-08-01,2023,8,North America,Professional Services,Direct Sales,Undefined,1.0,0.7833,1.0388,1.027,0.2521,0.6044,0,21498.0,38.18,820786.47,386331.58,434454.89,82078.65,164157.29,188218.95,6250.0,181968.95,2333.33,41316.19,138319.43
2023-08-01,2023,8,North America,Professional Services,Partner Network,Undefined,1.0,0.7833,1.0388,1.027,0.2259,0.5953,0,21173.0,38.5,815249.31,383725.32,431523.99,81524.93,163049.86,186949.2,6250.0,180699.2,2333.33,41024.15,137341.71
2023-08-01,2023,8,Europe,Enterprise,Direct Sales,Undefined,1.0,0.7833,1.0388,1.027,0.1166,0.5594,0,19896.0,39.86,793017.16,373260.99,419756.17,79301.72,158603.43,181851.02,6250.0,175601.02,2333.33,39851.57,133416.12
2023-08-01,2023,8,Europe,Enterprise,Partner Network,Undefined,1.0,0.7833,1.0388,1.027,0.1469,0.569,0,20237.0,39.48,799034.95,376093.47,422941.48,79903.49,159806.99,183230.99,6250.0,176980.99,2333.33,40168.96,134478.7
2023-08-01,2023,8,Europe,Pro Plan,Direct Sales,Undefined,1.0,0.7833,1.0388,1.027,0.2562,0.6059,0,21550.0,38.13,821661.82,386743.59,434918.23,82166.18,164332.36,188419.68,6250.0,182169.68,2333.33,41362.36,138473.99
2023-08-01,2023,8,Europe,Pro Plan,Partner Network,Undefined,1.0,0.7833,1.0388,1.027,0.4133,0.6658,0,23682.0,36.18,856858.0,403309.89,453548.11,85685.8,171371.6,196490.71,6250.0,190240.71,2333.33,43218.7,144688.68
2023-08-01,2023,8,Europe,Professional Services,Direct Sales,Undefined,1.0,0.7833,1.0388,1.027,0.163,0.5742,0,20423.0,39.28,802286.13,377623.75,424662.38,80228.61,160457.23,183976.54,6250.0,177726.54,2333.33,40340.44,135052.77
2023-08-01,2023,8,Europe,Professional Services,Partner Network,Undefined,1.0,0.7833,1.0388,1.027,0.1562,0.572,0,20345.0,39.37,800915.87,376978.79,423937.08,80091.59,160183.17,183662.32,6250.0,177412.32,2333.33,40268.17,134810.82
2023-09-01,2023,9,North America,Enterprise,Direct Sales,Undefined,1.0,0.835,1.0311,1.0304,0.3978,0.6756,0,24029.0,36.34,873199.43,409814.23,463385.2,87319.94,174639.89,201425.37,6250.0,195175.37,2333.33,44353.67,148488.37
2023-09-01,2023,9,North America,Enterprise,Partner Network,Undefined,1.0,0.835,1.0311,1.0304,0.0819,0.562,0,19991.0,40.25,804630.11,377632.94,426997.17,80463.01,160926.02,185608.14,6250.0,179358.14,2333.33,40715.7,136309.1
2023-09-01,2023,9,North America,Pro Plan,Direct Sales,Undefined,1.0,0.835,1.0311,1.0304,0.3358,0.6506,0,23141.0,37.11,858703.84,403011.09,455692.75,85870.38,171740.77,198081.6,6250.0,191831.6,2333.33,43584.6,145913.66
2023-09-01,2023,9,North America,Pro Plan,Partner Network,Undefined,1.0,0.835,1.0311,1.0304,0.1179,0.5734,0,20396.0,39.8,811840.38,381016.9,430823.48,81184.04,162368.08,187271.37,6250.0,181021.37,2333.33,41098.25,137589.79
2023-09-01,2023,9,North America,Professional Services,Direct Sales,Undefined,1.0,0.835,1.0311,1.0304,0.2439,0.6162,0,21917.0,38.25,838205.16,393390.55,444814.61,83820.52,167641.03,193353.06,6250.0,187103.06,2333.33,42497.04,142272.69
2023-09-01,2023,9,North America,Professional Services,Partner Network,Undefined,1.0,0.835,1.0311,1.0304,0.2362,0.6134,0,21819.0,38.34,836545.23,392611.5,443933.73,83654.52,167309.05,192970.16,6250.0,186720.16,2333.33,42408.97,141977.86
2023-09-01,2023,9,Europe,Enterprise,Direct Sales,Undefined,1.0,0.835,1.0311,1.0304,0.0943,0.5659,0,20129.0,40.1,807095.0,378789.78,428305.22,80709.5,161419.0,186176.72,6250.0,179926.72,2333.33,40846.48,136746.91
2023-09-01,2023,9,Europe,Enterprise,Partner Network,Undefined,1.0,0.835,1.0311,1.0304,0.1373,0.5797,0,20618.0,39.57,815762.37,382857.59,432904.78,81576.24,163152.47,188176.07,6250.0,181926.07,2333.33,41306.33,138286.41
2023-09-01,2023,9,Europe,Pro Plan,Direct Sales,Undefined,1.0,0.835,1.0311,1.0304,0.1994,0.6006,0,21360.0,38.8,828685.25,388922.62,439762.63,82868.52,165737.05,191157.06,6250.0,184907.06,2333.33,41991.96,140581.77
2023-09-01,2023,9,Europe,Pro Plan,Partner Network,Undefined,1.0,0.835,1.0311,1.0304,0.0643,0.5566,0,19797.0,40.47,801165.72,376007.02,425158.7,80116.57,160233.14,184808.99,6250.0,178558.99,2333.33,40531.9,135693.75
2023-09-01,2023,9,Europe,Professional Services,Direct Sales,Undefined,1.0,0.835,1.0311,1.0304,0.1055,0.5695,0,20255.0,39.96,809342.38,379844.53,429497.85,80934.24,161868.48,186695.14,6250.0,180445.14,2333.33,40965.72,137146.09
2023-09-01,2023,9,Europe,Professional Services,Partner Network,Undefined,1.0,0.835,1.0311,1.0304,0.238,0.6141,0,21842.0,38.32,836936.61,392795.19,444141.43,83693.66,167387.32,193060.44,6250.0,186810.44,2333.33,42429.73,142047.37
2023-10-01,2023,10,North America,Enterprise,Direct Sales,Undefined,1.0,0.7483,1.0189,1.0338,0.1911,0.5778,0,20553.0,38.81,797666.69,372231.13,425435.56,79766.67,159533.34,186135.55,6250.0,179885.55,2333.33,40837.01,136715.21
2023-10-01,2023,10,North America,Enterprise,Partner Network,Undefined,1.0,0.7483,1.0189,1.0338,0.1679,0.5702,0,20282.0,39.1,792977.67,370043.0,422934.67,79297.77,158595.53,185041.37,6250.0,178791.37,2333.33,40585.35,135872.69
2023-10-01,2023,10,North America,Pro Plan,Direct Sales,Undefined,1.0,0.7483,1.0189,1.0338,0.1923,0.5782,0,20566.0,38.8,797895.04,372337.69,425557.35,79789.5,159579.01,186188.84,6250.0,179938.84,2333.33,40849.27,136756.24
2023-10-01,2023,10,North America,Pro Plan,Partner Network,Undefined,1.0,0.7483,1.0189,1.0338,0.1329,0.5591,0,19884.0,39.53,786029.99,366800.86,419229.13,78603.0,157206.0,183420.13,6250.0,177170.13,2333.33,40212.46,134624.33
2023-10-01,2023,10,North America,Professional Services,Direct Sales,Undefined,1.0,0.7483,1.0189,1.0338,0.1894,0.5773,0,20532.0,38.83,797312.61,372065.9,425246.71,79731.26,159462.52,186052.93,6250.0,179802.93,2333.33,40818.01,136651.59
2023-10-01,2023,10,North America,Professional Services,Partner Network,Undefined,1.0,0.7483,1.0189,1.0338,0.1621,0.5684,0,20215.0,39.17,791816.03,369500.92,422315.11,79181.6,158363.21,184770.3,6250.0,178520.3,2333.33,40523.0,135663.97
2023-10-01,2023,10,Europe,Enterprise,Direct Sales,Undefined,1.0,0.7483,1.0189,1.0338,0.0675,0.5391,0,19174.0,40.34,773425.54,360919.0,412506.54,77342.55,154685.11,180478.88,6250.0,174228.88,2333.33,39535.98,132359.57
2023-10-01,2023,10,Europe,Enterprise,Partner Network,Undefined,1.0,0.7483,1.0189,1.0338,0.4136,0.6595,0,23457.0,36.06,845924.9,394750.82,451174.08,84592.49,169184.98,197396.61,6250.0,191146.61,2333.33,43427.05,145386.22
2023-10-01,2023,10,Europe,Pro Plan,Direct Sales,Undefined,1.0,0.7483,1.0189,1.0338,0.5348,0.7118,0,25318.0,34.57,875123.64,408376.41,466747.23,87512.36,175024.73,204210.14,6250.0,197960.14,2333.33,44994.16,150632.64
2023-10-01,2023,10,Europe,Pro Plan,Partner Network,Undefined,1.0,0.7483,1.0189,1.0338,0.0427,0.5318,0,18914.0,40.64,768753.12,358738.61,410014.51,76875.31,153750.62,179388.57,6250.0,173138.57,2333.33,39285.21,131520.03
2023-10-01,2023,10,Europe,Professional Services,Direct Sales,Undefined,1.0,0.7483,1.0189,1.0338,0.2313,0.5914,0,21035.0,38.31,805925.9,376085.29,429840.61,80592.59,161185.18,188062.84,6250.0,181812.84,2333.33,41280.29,138199.22
2023-10-01,2023,10,Europe,Professional Services,Partner Network,Undefined,1.0,0.7483,1.0189,1.0338,0.371,0.6425,0,22853.0,36.59,836179.15,390202.97,445976.18,83617.92,167235.83,195122.44,6250.0,188872.44,2333.33,42903.99,143635.11
2023-11-01,2023,11,North America,Enterprise,Direct Sales,Undefined,1.0,0.9431,1.0279,1.0373,0.2487,0.6445,0,22923.0,38.25,876880.23,412383.39,464496.84,87688.02,175376.05,201432.77,6250.0,195182.77,2333.33,44355.37,148494.07
2023-11-01,2023,11,North America,Enterprise,Partner Network,Undefined,1.0,0.9431,1.0279,1.0373,0.3405,0.6805,0,24204.0,37.11,898334.12,422472.83,475861.29,89833.41,179666.82,206361.06,6250.0,200111.06,2333.33,45488.88,152288.85
2023-11-01,2023,11,North America,Pro Plan,Direct Sales,Undefined,1.0,0.9431,1.0279,1.0373,0.1606,0.6126,0,21790.0,39.35,857347.75,403197.56,454150.19,85734.77,171469.55,196945.86,6250.0,190695.86,2333.33,43323.38,145039.15
2023-11-01,2023,11,North America,Pro Plan,Partner Network,Undefined,1.0,0.9431,1.0279,1.0373,0.0532,0.577,0,20523.0,40.68,834816.17,392601.31,442214.87,83481.62,166963.23,191770.02,6250.0,185520.02,2333.33,42132.94,141053.75
2023-11-01,2023,11,North America,Professional Services,Direct Sales,Undefined,1.0,0.9431,1.0279,1.0373,0.0233,0.5677,0,20191.0,41.05,828784.56,389764.73,439019.83,82878.46,165756.91,190384.46,6250.0,184134.46,2333.33,41814.26,139986.87
2023-11-01,2023,11,North America,Professional Services,Partner Network,Undefined,1.0,0.9431,1.0279,1.0373,0.2232,0.635,0,22586.0,38.57,871121.5,409675.15,461446.35,87112.15,174224.3,200109.9,6250.0,193859.9,2333.33,44051.11,147475.46
2023-11-01,2023,11,Europe,Enterprise,Direct Sales,Undefined,1.0,0.9431,1.0279,1.0373,0.1655,0.6144,0,21851.0,39.28,858417.11,403700.47,454716.64,85841.71,171683.42,197191.51,6250.0,190941.51,2333.33,43379.88,145228.3
2023-11-01,2023,11,Europe,Enterprise,Partner Network,Undefined,1.0,0.9431,1.0279,1.0373,0.2064,0.6289,0,22367.0,38.78,867372.08,407911.85,459460.23,86737.21,173474.42,199248.6,6250.0,192998.6,2333.33,43853.01,146812.26
2023-11-01,2023,11,Europe,Pro Plan,Direct Sales,Undefined,1.0,0.9431,1.0279,1.0373,0.2127,0.6311,0,22449.0,38.7,868767.55,408568.12,460199.43,86876.75,173753.51,199569.16,6250.0,193319.16,2333.33,43926.74,147059.09
2023-11-01,2023,11,Europe,Pro Plan,Partner Network,Undefined,1.0,0.9431,1.0279,1.0373,0.076,0.5843,0,20782.0,40.39,839494.68,394801.54,444693.14,83949.47,167898.94,192844.74,6250.0,186594.74,2333.33,42380.12,141881.28
2023-11-01,2023,11,Europe,Professional Services,Direct Sales,Undefined,1.0,0.9431,1.0279,1.0373,0.168,0.6152,0,21882.0,39.25,858953.33,403952.64,455000.69,85895.33,171790.67,197314.69,6250.0,191064.69,2333.33,43408.21,145323.14
2023-11-01,2023,11,Europe,Professional Services,Partner Network,Undefined,1.0,0.9431,1.0279,1.0373,0.3013,0.6648,0,23644.0,37.6,889040.16,418102.02,470938.14,88904.02,177808.03,204226.09,6250.0,197976.09,2333.33,44997.83,150644.92
2023-12-01,2023,12,North America,Enterprise,Direct Sales,Undefined,1.0,1.074,1.0447,1.0407,0.3649,0.7194,0,25586.0,37.05,947872.41,451440.04,496432.37,94787.24,189574.48,212070.65,6250.0,205820.65,2333.33,46802.08,156685.23
2023-12-01,2023,12,North America,Enterprise,Partner Network,Undefined,1.0,1.074,1.0447,1.0407,0.1982,0.652,0,23190.0,39.13,907332.78,432132.36,475200.42,90733.28,181466.56,203000.58,6250.0,196750.58,2333.33,44715.97,149701.28
2023-12-01,2023,12,North America,Pro Plan,Direct Sales,Undefined,1.0,1.074,1.0447,1.0407,0.3672,0.7204,0,25622.0,37.02,948453.95,451717.01,496736.94,94845.39,189690.79,212200.76,6250.0,205950.76,2333.33,46832.01,156785.42
2023-12-01,2023,12,North America,Pro Plan,Partner Network,Undefined,1.0,1.074,1.0447,1.0407,0.1181,0.623,0,22160.0,40.13,889206.62,423499.48,465707.14,88920.66,177841.32,198945.16,6250.0,192695.16,2333.33,43783.22,146578.6
2023-12-01,2023,12,North America,Professional Services,Direct Sales,Undefined,1.0,1.074,1.0447,1.0407,0.0632,0.6043,0,21495.0,40.81,877235.17,417797.88,459437.3,87723.52,175447.03,196266.74,6250.0,190016.74,2333.33,43167.18,144516.23
2023-12-01,2023,12,North America,Professional Services,Partner Network,Undefined,1.0,1.074,1.0447,1.0407,0.037,0.5957,0,21189.0,41.14,871658.86,415142.07,456516.8,87165.89,174331.77,195019.14,6250.0,188769.14,2333.33,42880.23,143555.57
2023-12-01,2023,12,Europe,Enterprise,Direct Sales,Undefined,1.0,1.074,1.0447,1.0407,0.2024,0.6536,0,23246.0,39.07,908302.9,432594.4,475708.5,90830.29,181660.58,203217.63,6250.0,196967.63,2333.33,44765.89,149868.41
2023-12-01,2023,12,Europe,Enterprise,Partner Network,Undefined,1.0,1.074,1.0447,1.0407,0.1145,0.6218,0,22116.0,40.17,888413.29,423121.64,465291.65,88841.33,177682.66,198767.66,6250.0,192517.66,2333.33,43742.4,146441.93
2023-12-01,2023,12,Europe,Pro Plan,Direct Sales,Undefined,1.0,1.074,1.0447,1.0407,0.1709,0.6419,0,22830.0,39.47,901050.23,429140.19,471910.03,90105.02,180210.05,201594.97,6250.0,195344.97,2333.33,44392.68,148618.96
2023-12-01,2023,12,Europe,Pro Plan,Partner Network,Undefined,1.0,1.074,1.0447,1.0407,0.0888,0.6129,0,21801.0,40.49,882769.18,420433.54,462335.64,88276.92,176553.84,197504.89,6250.0,191254.89,2333.33,43451.96,145469.6
2023-12-01,2023,12,Europe,Professional Services,Direct Sales,Undefined,1.0,1.074,1.0447,1.0407,0.0551,0.6017,0,21400.0,40.91,875511.51,416976.95,458534.56,87551.15,175102.3,195881.1,6250.0,189631.1,2333.33,43078.49,144219.28
2023-12-01,2023,12,Europe,Professional Services,Partner Network,Undefined,1.0,1.074,1.0447,1.0407,0.0695,0.6064,0,21570.0,40.73,878591.48,418443.84,460147.64,87859.15,175718.3,196570.2,6250.0,190320.2,2333.33,43236.98,144749.88
2024-01-01,2024,1,North America,Enterprise,Direct Sales,Undefined,1.0,1.0654,1.0429,1.0442,0.3126,0.6937,0,24674.0,37.73,930967.24,443779.3,487187.94,93096.72,186193.45,207897.77,6250.0,201647.77,2333.33,45842.32,153472.12
2024-01-01,2024,1,North America,Enterprise,Partner Network,Undefined,1.0,1.0654,1.0429,1.0442,0.1209,0.621,0,22088.0,40.12,886261.5,422468.68,463792.81,88626.15,177252.3,197914.36,6250.0,191664.36,2333.33,43546.14,145784.89
2024-01-01,2024,1,North America,Pro Plan,Direct Sales,Undefined,1.0,1.0654,1.0429,1.0442,0.2632,0.6738,0,23965.0,38.35,918985.84,438067.93,480917.91,91898.58,183797.17,205222.16,6250.0,198972.16,2333.33,45226.93,151411.9
2024-01-01,2024,1,North America,Pro Plan,Partner Network,Undefined,1.0,1.0654,1.0429,1.0442,0.0476,0.5963,0,21209.0,41.04,870406.72,414910.93,455495.79,87040.67,174081.34,194373.78,6250.0,188123.78,2333.33,42731.8,143058.64
2024-01-01,2024,1,North America,Professional Services,Direct Sales,Undefined,1.0,1.0654,1.0429,1.0442,0.1489,0.6309,0,22438.0,39.77,892488.55,425437.03,467051.51,89248.85,178497.71,199304.95,6250.0,193054.95,2333.33,43865.97,146855.65
2024-01-01,2024,1,North America,Professional Services,Partner Network,Undefined,1.0,1.0654,1.0429,1.0442,0.1325,0.6251,0,22232.0,39.98,888826.31,423691.3,465135.02,88882.63,177765.26,198487.12,6250.0,192237.12,2333.33,43677.87,146225.92
2024-01-01,2024,1,Europe,Enterprise,Direct Sales,Undefined,1.0,1.0654,1.0429,1.0442,0.0253,0.5891,0,20952.0,41.32,865714.1,412674.02,453040.08,86571.41,173142.82,193325.85,6250.0,187075.85,2333.33,42490.78,142251.74
2024-01-01,2024,1,Europe,Enterprise,Partner Network,Undefined,1.0,1.0654,1.0429,1.0442,0.1178,0.6199,0,22049.0,40.16,885570.97,422139.52,463431.45,88557.1,177114.19,197760.16,6250.0,191510.16,2333.33,43510.67,145666.16
2024-01-01,2024,1,Europe,Pro Plan,Direct Sales,Undefined,1.0,1.0654,1.0429,1.0442,0.0585,0.5999,0,21336.0,40.9,872734.2,416020.41,456713.79,87273.42,174546.84,194893.53,6250.0,188643.53,2333.33,42851.35,143458.85
2024-01-01,2024,1,Europe,Pro Plan,Partner Network,Undefined,1.0,1.0654,1.0429,1.0442,0.2881,0.6837,0,24318.0,38.04,924976.74,440923.71,484053.03,92497.67,184995.35,206560.01,6250.0,200310.01,2333.33,45534.64,152442.04
2024-01-01,2024,1,Europe,Professional Services,Direct Sales,Undefined,1.0,1.0654,1.0429,1.0442,0.3163,0.6953,0,24729.0,37.68,931883.35,444215.99,487667.36,93188.33,186376.67,208102.35,6250.0,201852.35,2333.33,45889.37,153629.64
2024-01-01,2024,1,Europe,Professional Services,Partner Network,Undefined,1.0,1.0654,1.0429,1.0442,0.4936,0.7753,0,27577.0,35.47,978151.53,466271.4,511880.13,97815.15,195630.31,218434.67,6250.0,212184.67,2333.33,48265.81,161585.53
2024-02-01,2024,2,North America,Enterprise,Direct Sales,Undefined,1.0,1.2181,1.0302,1.0477,0.0918,0.6502,0,23125.0,40.39,934052.68,442593.26,491459.42,93405.27,186810.54,211243.62,6250.0,204993.62,2333.33,46611.87,156048.42
2024-02-01,2024,2,North America,Enterprise,Partner Network,Undefined,1.0,1.2181,1.0302,1.0477,0.0497,0.6352,0,22594.0,40.92,924469.51,438052.35,486417.16,92446.95,184893.9,209076.31,6250.0,202826.31,2333.33,46113.38,154379.59
2024-02-01,2024,2,North America,Pro Plan,Direct Sales,Undefined,1.0,1.2181,1.0302,1.0477,0.3312,0.7464,0,26549.0,37.41,993179.69,470610.11,522569.58,99317.97,198635.94,224615.67,6250.0,218365.67,2333.33,49687.44,166344.9
2024-02-01,2024,2,North America,Pro Plan,Partner Network,Undefined,1.0,1.2181,1.0302,1.0477,0.1549,0.6736,0,23959.0,39.6,948875.24,449616.81,499258.43,94887.52,189775.05,214595.86,6250.0,208345.86,2333.33,47382.88,158629.65
2024-02-01,2024,2,North America,Professional Services,Direct Sales,Undefined,1.0,1.2181,1.0302,1.0477,0.1793,0.683,0,24293.0,39.3,954730.18,452391.13,502339.06,95473.02,190946.04,215920.0,6250.0,209670.0,2333.33,47687.43,159649.24
2024-02-01,2024,2,North America,Professional Services,Partner Network,Undefined,1.0,1.2181,1.0302,1.0477,0.3718,0.765,0,27209.0,36.9,1004073.01,475771.82,528301.19,100407.3,200814.6,227079.29,6250.0,220829.29,2333.33,50254.07,168241.88
2024-02-01,2024,2,Europe,Enterprise,Direct Sales,Undefined,1.0,1.2181,1.0302,1.0477,0.3104,0.7372,0,26222.0,37.67,987720.95,468023.53,519697.42,98772.1,197544.19,223381.13,6250.0,217131.13,2333.33,49403.49,165394.31
2024-02-01,2024,2,Europe,Enterprise,Partner Network,Undefined,1.0,1.2181,1.0302,1.0477,0.1655,0.6777,0,24103.0,39.47,951412.15,450818.9,500593.25,95141.21,190282.43,215169.6,6250.0,208919.6,2333.33,47514.84,159071.43
2024-02-01,2024,2,Europe,Pro Plan,Direct Sales,Undefined,1.0,1.2181,1.0302,1.0477,0.2204,0.6993,0,24873.0,38.79,964793.35,457159.47,507633.87,96479.33,192958.67,218195.87,6250.0,211945.87,2333.33,48210.88,161401.65
2024-02-01,2024,2,Europe,Pro Plan,Partner Network,Undefined,1.0,1.2181,1.0302,1.0477,0.0623,0.6396,0,22751.0,40.76,927308.67,439397.67,487911.01,92730.87,185461.73,209718.4,6250.0,203468.4,2333.33,46261.07,154874.0
2024-02-01,2024,2,Europe,Professional Services,Direct Sales,Undefined,1.0,1.2181,1.0302,1.0477,0.0567,0.6377,0,22682.0,40.83,926051.64,438802.03,487249.61,92605.16,185210.33,209434.12,6250.0,203184.12,2333.33,46195.68,154655.1
2024-02-01,2024,2,Europe,Professional Services,Partner Network,Undefined,1.0,1.2181,1.0302,1.0477,0.0954,0.6515,0,23172.0,40.35,934899.08,442994.32,491904.76,93489.91,186979.82,211435.04,6250.0,205185.04,2333.33,46655.89,156195.81
2024-03-01,2024,3,North America,Enterprise,Direct Sales,Undefined,1.0,1.2337,1.0179,1.0512,0.2428,0.7155,0,25448.0,38.42,977747.22,460617.72,517129.5,97774.72,195549.44,223805.33,6250.0,217555.33,2333.33,49501.06,165720.94
2024-03-01,2024,3,North America,Enterprise,Partner Network,Undefined,1.0,1.2337,1.0179,1.0512,0.2557,0.7209,0,25640.0,38.26,981032.2,462165.28,518866.92,98103.22,196206.44,224557.26,6250.0,218307.26,2333.33,49674.0,166299.92
2024-03-01,2024,3,North America,Pro Plan,Direct Sales,Undefined,1.0,1.2337,1.0179,1.0512,0.1448,0.6764,0,24057.0,39.64,953628.7,449255.47,504373.24,95362.87,190725.74,218284.63,6250.0,212034.63,2333.33,48231.3,161470.0
2024-03-01,2024,3,North America,Pro Plan,Partner Network,Undefined,1.0,1.2337,1.0179,1.0512,0.0211,0.6316,0,22464.0,41.18,925021.58,435778.62,489242.96,92502.16,185004.32,211736.48,6250.0,205486.48,2333.33,46725.22,156427.93
2024-03-01,2024,3,North America,Professional Services,Direct Sales,Undefined,1.0,1.2337,1.0179,1.0512,0.2949,0.7377,0,26238.0,37.77,991128.4,466921.61,524206.79,99112.84,198225.68,226868.27,6250.0,220618.27,2333.33,50205.54,168079.4
2024-03-01,2024,3,North America,Professional Services,Partner Network,Undefined,1.0,1.2337,1.0179,1.0512,0.1995,0.6978,0,24818.0,38.96,966912.97,455513.7,511399.27,96691.3,193382.59,221325.38,6250.0,215075.38,2333.33,48930.67,163811.38
2024-03-01,2024,3,Europe,Enterprise,Direct Sales,Undefined,1.0,1.2337,1.0179,1.0512,0.1699,0.6861,0,24401.0,39.33,959674.24,452103.52,507570.71,95967.42,191934.85,219668.44,6250.0,213418.44,2333.33,48549.58,162535.53
2024-03-01,2024,3,Europe,Enterprise,Partner Network,Undefined,1.0,1.2337,1.0179,1.0512,0.0295,0.6345,0,22567.0,41.07,926916.98,436671.55,490245.44,92691.7,185383.4,212170.34,6250.0,205920.34,2333.33,46825.01,156762.0
2024-03-01,2024,3,Europe,Pro Plan,Direct Sales,Undefined,1.0,1.2337,1.0179,1.0512,0.0773,0.6514,0,23167.0,40.48,937788.92,441793.33,495995.59,93778.89,187557.78,214658.92,6250.0,208408.92,2333.33,47397.38,158678.2
2024-03-01,2024,3,Europe,Pro Plan,Partner Network,Undefined,1.0,1.2337,1.0179,1.0512,0.4391,0.8052,0,28638.0,35.98,1030442.27,485442.42,544999.85,103044.23,206088.45,235867.17,6250.0,229617.17,2333.33,52275.28,175008.56
2024-03-01,2024,3,Europe,Professional Services,Direct Sales,Undefined,1.0,1.2337,1.0179,1.0512,0.2449,0.7163,0,25478.0,38.4,978270.29,460864.14,517406.15,97827.03,195654.06,223925.06,6250.0,217675.06,2333.33,49528.6,165813.13
2024-03-01,2024,3,Europe,Professional Services,Partner Network,Undefined,1.0,1.2337,1.0179,1.0512,0.4909,0.8318,0,29585.0,35.34,1045449.16,492512.18,552936.98,104544.92,209089.83,239302.24,6250.0,233052.24,2333.33,53065.35,177653.55
2024-04-01,2024,4,North America,Enterprise,Direct Sales,Undefined,1.0,1.0464,1.0274,1.0547,0.1842,0.6394,0,22744.0,39.31,894164.45,424666.24,469498.21,89416.44,178832.89,201248.87,6250.0,194998.87,2333.33,44313.07,148352.47
2024-04-01,2024,4,North America,Enterprise,Partner Network,Undefined,1.0,1.0464,1.0274,1.0547,0.2456,0.6625,0,23564.0,38.55,908358.1,431407.24,476950.86,90835.81,181671.62,204443.43,6250.0,198193.43,2333.33,45047.82,150812.27
2024-04-01,2024,4,North America,Pro Plan,Direct Sales,Undefined,1.0,1.0464,1.0274,1.0547,0.2769,0.6748,0,24000.0,38.16,915782.7,434933.41,480849.29,91578.27,183156.54,206114.48,6250.0,199864.48,2333.33,45432.16,152098.98
2024-04-01,2024,4,North America,Pro Plan,Partner Network,Undefined,1.0,1.0464,1.0274,1.0547,0.3753,0.7157,0,25456.0,36.93,940078.48,446472.23,493606.25,94007.85,188015.7,211582.71,6250.0,205332.71,2333.33,46689.86,156309.52
2024-04-01,2024,4,North America,Professional Services,Direct Sales,Undefined,1.0,1.0464,1.0274,1.0547,0.251,0.6646,0,23638.0,38.48,909626.34,432009.57,477616.77,90962.63,181925.27,204728.87,6250.0,198478.87,2333.33,45113.47,151032.06
2024-04-01,2024,4,North America,Professional Services,Partner Network,Undefined,1.0,1.0464,1.0274,1.0547,0.1883,0.6409,0,22797.0,39.26,895089.88,425105.75,469984.12,89508.99,179017.98,201457.16,6250.0,195207.16,2333.33,44360.98,148512.85
2024-04-01,2024,4,Europe,Enterprise,Direct Sales,Undefined,1.0,1.0464,1.0274,1.0547,0.4046,0.7286,0,25916.0,36.56,947591.0,450040.15,497550.84,94759.1,189518.2,213273.54,6250.0,207023.54,2333.33,47078.75,157611.46
2024-04-01,2024,4,Europe,Enterprise,Partner Network,Undefined,1.0,1.0464,1.0274,1.0547,0.2548,0.6661,0,23691.0,38.43,910525.76,432436.73,478089.03,91052.58,182105.15,204931.3,6250.0,198681.3,2333.33,45160.03,151187.94
2024-04-01,2024,4,Europe,Pro Plan,Direct Sales,Undefined,1.0,1.0464,1.0274,1.0547,0.0873,0.6055,0,21536.0,40.52,872736.86,414489.62,458247.24,87273.69,174547.37,196426.19,6250.0,190176.19,2333.33,43203.86,144639.0
2024-04-01,2024,4,Europe,Pro Plan,Partner Network,Undefined,1.0,1.0464,1.0274,1.0547,0.0236,0.5847,0,20796.0,41.32,859280.35,408098.71,451181.64,85928.04,171856.07,193397.54,6250.0,187147.54,2333.33,42507.27,142306.94
2024-04-01,2024,4,Europe,Professional Services,Direct Sales,Undefined,1.0,1.0464,1.0274,1.0547,0.3777,0.7168,0,25494.0,36.9,940691.7,446763.46,493928.23,94069.17,188138.34,211720.72,6250.0,205470.72,2333.33,46721.6,156415.79
2024-04-01,2024,4,Europe,Professional Services,Partner Network,Undefined,1.0,1.0464,1.0274,1.0547,0.1541,0.6286,0,22358.0,39.69,887384.92,421446.43,465938.49,88738.49,177476.98,199723.01,6250.0,193473.01,2333.33,43962.13,147177.55
2024-05-01,2024,5,North America,Enterprise,Direct Sales,Undefined,1.0,1.0901,1.0384,1.0582,0.1805,0.6437,0,22894.0,39.54,905301.35,433840.71,471460.64,90530.13,181060.27,199870.23,6250.0,193620.23,2333.33,43995.99,147290.91
2024-05-01,2024,5,North America,Enterprise,Partner Network,Undefined,1.0,1.0901,1.0384,1.0582,0.1447,0.6307,0,22433.0,39.99,897153.64,429936.15,467217.49,89715.36,179430.73,198071.4,6250.0,191821.4,2333.33,43582.26,145905.81
2024-05-01,2024,5,North America,Pro Plan,Direct Sales,Undefined,1.0,1.0901,1.0384,1.0582,0.1292,0.6252,0,22238.0,40.19,893680.02,428271.51,465408.51,89368.0,178736.0,197304.5,6250.0,191054.5,2333.33,43405.87,145315.3
2024-05-01,2024,5,North America,Pro Plan,Partner Network,Undefined,1.0,1.0901,1.0384,1.0582,0.2419,0.6668,0,23718.0,38.77,919639.92,440712.08,478927.84,91963.99,183927.98,203035.87,6250.0,196785.87,2333.33,44724.08,149728.45
2024-05-01,2024,5,North America,Professional Services,Direct Sales,Undefined,1.0,1.0901,1.0384,1.0582,0.1377,0.6282,0,22344.0,40.08,895570.2,429177.33,466392.87,89557.02,179114.04,197721.81,6250.0,191471.81,2333.33,43501.85,145636.63
2024-05-01,2024,5,North America,Professional Services,Partner Network,Undefined,1.0,1.0901,1.0384,1.0582,0.1288,0.6251,0,22233.0,40.19,893593.9,428230.24,465363.66,89359.39,178718.78,197285.49,6250.0,191035.49,2333.33,43401.5,145300.66
2024-05-01,2024,5,Europe,Enterprise,Direct Sales,Undefined,1.0,1.0901,1.0384,1.0582,0.3108,0.6945,0,24701.0,37.91,936387.23,448737.76,487649.46,93638.72,187277.45,206733.3,6250.0,200483.3,2333.33,45574.49,152575.47
2024-05-01,2024,5,Europe,Enterprise,Partner Network,Undefined,1.0,1.0901,1.0384,1.0582,0.1136,0.6198,0,22044.0,40.38,890217.61,426612.25,463605.36,89021.76,178043.52,196540.08,6250.0,190290.08,2333.33,43230.05,144726.7
2024-05-01,2024,5,Europe,Pro Plan,Direct Sales,Undefined,1.0,1.0901,1.0384,1.0582,0.2727,0.679,0,24150.0,38.39,927058.3,444267.13,482791.17,92705.83,185411.66,204673.68,6250.0,198423.68,2333.33,45100.78,150989.57
2024-05-01,2024,5,Europe,Pro Plan,Partner Network,Undefined,1.0,1.0901,1.0384,1.0582,0.3888,0.7279,0,25890.0,36.93,956163.74,458215.11,497948.63,95616.37,191232.75,211099.51,6250.0,204849.51,2333.33,46578.72,155937.45
2024-05-01,2024,5,Europe,Professional Services,Direct Sales,Undefined,1.0,1.0901,1.0384,1.0582,0.6315,0.8498,0,30227.0,33.89,1024294.75,490865.02,533429.73,102429.48,204858.95,226141.31,6250.0,219891.31,2333.33,50038.33,167519.64
2024-05-01,2024,5,Europe,Professional Services,Partner Network,Undefined,1.0,1.0901,1.0384,1.0582,0.1061,0.6172,0,21952.0,40.48,888548.41,425812.33,462736.08,88854.84,177709.68,196171.56,6250.0,189921.56,2333.33,43145.29,144442.93
2024-06-01,2024,6,North America,Enterprise,Direct Sales,Undefined,1.0,0.9238,1.0464,1.0617,0.192,0.6022,0,21419.0,39.55,847082.11,408842.78,438239.33,84708.21,169416.42,184114.7,6250.0,177864.7,2333.33,40372.21,135159.15
2024-06-01,2024,6,North America,Enterprise,Partner Network,Undefined,1.0,0.9238,1.0464,1.0617,0.0845,0.5668,0,20160.0,40.9,824584.7,397984.44,426600.26,82458.47,164916.94,179224.85,6250.0,172974.85,2333.33,39247.55,131393.97
2024-06-01,2024,6,North America,Pro Plan,Direct Sales,Undefined,1.0,0.9238,1.0464,1.0617,0.1695,0.5945,0,21145.0,39.83,842248.8,406509.99,435738.81,84224.88,168449.76,183064.17,6250.0,176814.17,2333.33,40130.59,134350.24
2024-06-01,2024,6,North America,Pro Plan,Partner Network,Undefined,1.0,0.9238,1.0464,1.0617,0.1075,0.5741,0,20420.0,40.61,829281.97,400251.57,429030.4,82928.2,165856.39,180245.81,6250.0,173995.81,2333.33,39482.37,132180.11
2024-06-01,2024,6,North America,Professional Services,Direct Sales,Undefined,1.0,0.9238,1.0464,1.0617,0.4412,0.6988,0,24854.0,36.41,904974.71,436784.55,468190.17,90497.47,180994.94,196697.75,6250.0,190447.75,2333.33,43266.32,144848.1
2024-06-01,2024,6,North America,Professional Services,Partner Network,Undefined,1.0,0.9238,1.0464,1.0617,0.1827,0.599,0,21305.0,39.67,845077.89,407875.44,437202.44,84507.79,169015.58,183679.08,6250.0,177429.08,2333.33,40272.02,134823.72
2024-06-01,2024,6,Europe,Enterprise,Direct Sales,Undefined,1.0,0.9238,1.0464,1.0617,0.2838,0.6352,0,22594.0,38.39,867424.41,418660.96,448763.45,86742.44,173484.88,188536.13,6250.0,182286.13,2333.33,41389.14,138563.65
2024-06-01,2024,6,Europe,Enterprise,Partner Network,Undefined,1.0,0.9238,1.0464,1.0617,0.0502,0.5562,0,19783.0,41.33,817678.74,394651.29,423027.45,81767.87,163535.75,177723.83,6250.0,171473.83,2333.33,38902.31,130238.18
2024-06-01,2024,6,Europe,Pro Plan,Direct Sales,Undefined,1.0,0.9238,1.0464,1.0617,0.109,0.5746,0,20436.0,40.59,829577.56,400394.24,429183.33,82957.76,165915.51,180310.06,6250.0,174060.06,2333.33,39497.15,132229.58
2024-06-01,2024,6,Europe,Pro Plan,Partner Network,Undefined,1.0,0.9238,1.0464,1.0617,0.179,0.5977,0,21260.0,39.71,844280.15,407490.42,436789.73,84428.02,168856.03,183505.69,6250.0,177255.69,2333.33,40232.14,134690.21
2024-06-01,2024,6,Europe,Professional Services,Direct Sales,Undefined,1.0,0.9238,1.0464,1.0617,0.2118,0.6091,0,21664.0,39.3,851379.3,410916.81,440462.49,85137.93,170275.86,185048.7,6250.0,178798.7,2333.33,40587.03,135878.33
2024-06-01,2024,6,Europe,Professional Services,Partner Network,Undefined,1.0,0.9238,1.0464,1.0617,0.1964,0.6037,0,21473.0,39.49,848025.93,409298.31,438727.62,84802.59,169605.19,184319.84,6250.0,178069.84,2333.33,40419.4,135317.11
2024-07-01,2024,7,North America,Enterprise,Direct Sales,Undefined,1.0,1.0746,1.0363,1.0653,0.1504,0.6265,0,22284.0,40.01,891525.15,428434.16,463090.99,89152.51,178305.03,195633.44,6250.0,189383.44,2333.33,43021.52,144028.58
2024-07-01,2024,7,North America,Enterprise,Partner Network,Undefined,1.0,1.0746,1.0363,1.0653,0.0857,0.6042,0,21491.0,40.82,877271.28,421584.28,455687.0,87727.13,175454.26,192505.62,6250.0,186255.62,2333.33,42302.13,141620.16
2024-07-01,2024,7,North America,Pro Plan,Direct Sales,Undefined,1.0,1.0746,1.0363,1.0653,0.2103,0.6483,0,23059.0,39.25,905163.58,434988.29,470175.29,90516.36,181032.72,198626.21,6250.0,192376.21,2333.33,43709.86,146333.02
2024-07-01,2024,7,North America,Pro Plan,Partner Network,Undefined,1.0,1.0746,1.0363,1.0653,0.3766,0.7154,0,25445.0,37.16,945663.93,454451.27,491212.66,94566.39,189132.79,207513.48,6250.0,201263.48,2333.33,45753.93,153176.22
2024-07-01,2024,7,North America,Professional Services,Direct Sales,Undefined,1.0,1.0746,1.0363,1.0653,0.2019,0.6452,0,22948.0,39.36,903224.63,434056.5,469168.13,90322.46,180644.93,198200.74,6250.0,191950.74,2333.33,43612.0,146005.4
2024-07-01,2024,7,North America,Professional Services,Partner Network,Undefined,1.0,1.0746,1.0363,1.0653,0.1714,0.634,0,22551.0,39.74,896259.2,430709.17,465550.03,89625.92,179251.84,196672.27,6250.0,190422.27,2333.33,43260.45,144828.48
2024-07-01,2024,7,Europe,Enterprise,Direct Sales,Undefined,1.0,1.0746,1.0363,1.0653,0.1284,0.6188,0,22009.0,40.28,886614.31,426074.19,460540.11,88661.43,177322.86,194555.82,6250.0,188305.82,2333.33,42773.67,143198.82
2024-07-01,2024,7,Europe,Enterprise,Partner Network,Undefined,1.0,1.0746,1.0363,1.0653,0.2999,0.6832,0,24299.0,38.13,926487.36,445235.71,481251.65,92648.74,185297.47,203305.44,6250.0,197055.44,2333.33,44786.08,149936.02
2024-07-01,2024,7,Europe,Pro Plan,Direct Sales,Undefined,1.0,1.0746,1.0363,1.0653,0.279,0.6748,0,24001.0,38.39,921417.77,442799.46,478618.32,92141.78,184283.55,202192.98,6250.0,195942.98,2333.33,44530.22,149079.43
2024-07-01,2024,7,Europe,Pro Plan,Partner Network,Undefined,1.0,1.0746,1.0363,1.0653,0.2191,0.6516,0,23176.0,39.14,907216.24,435974.72,471241.51,90721.62,181443.25,199076.64,6250.0,192826.64,2333.33,43813.46,146679.85
2024-07-01,2024,7,Europe,Professional Services,Direct Sales,Undefined,1.0,1.0746,1.0363,1.0653,0.196,0.643,0,22870.0,39.43,901855.81,433398.7,468457.11,90185.58,180371.16,197900.37,6250.0,191650.37,2333.33,43542.92,145774.12
2024-07-01,2024,7,Europe,Professional Services,Partner Network,Undefined,1.0,1.0746,1.0363,1.0653,0.0305,0.5862,0,20848.0,41.51,865521.98,415938.0,449583.98,86552.2,173104.4,189927.39,6250.0,183677.39,2333.33,41709.13,139634.92
2024-08-01,2024,8,North America,Enterprise,Direct Sales,Undefined,1.0,1.0484,1.0397,1.0688,0.124,0.6084,0,21639.0,40.44,874975.6,422241.29,452734.32,87497.56,174995.12,190241.63,6250.0,183991.63,2333.33,41781.41,139876.89
2024-08-01,2024,8,North America,Enterprise,Partner Network,Undefined,1.0,1.0484,1.0397,1.0688,0.1129,0.6046,0,21505.0,40.57,872578.87,421084.68,451494.19,87257.89,174515.77,189720.53,6250.0,183470.53,2333.33,41661.55,139475.64
2024-08-01,2024,8,North America,Pro Plan,Direct Sales,Undefined,1.0,1.0484,1.0397,1.0688,0.0823,0.5944,0,21142.0,40.96,865992.34,417906.19,448086.15,86599.23,173198.47,188288.45,6250.0,182038.45,2333.33,41332.18,138372.94
2024-08-01,2024,8,North America,Pro Plan,Partner Network,Undefined,1.0,1.0484,1.0397,1.0688,0.1143,0.6051,0,21522.0,40.56,872873.52,421226.88,451646.65,87287.35,174574.7,189784.59,6250.0,183534.59,2333.33,41676.29,139524.97
2024-08-01,2024,8,North America,Professional Services,Direct Sales,Undefined,1.0,1.0484,1.0397,1.0688,0.1379,0.6132,0,21808.0,40.26,878023.19,423711.97,454311.21,87802.32,175604.64,190904.26,6250.0,184654.26,2333.33,41933.81,140387.11
2024-08-01,2024,8,North America,Professional Services,Partner Network,Undefined,1.0,1.0484,1.0397,1.0688,0.0575,0.5863,0,20855.0,41.27,860750.26,415376.49,445373.77,86075.03,172150.05,187148.69,6250.0,180898.69,2333.33,41070.03,137495.32
2024-08-01,2024,8,Europe,Enterprise,Direct Sales,Undefined,1.0,1.0484,1.0397,1.0688,0.045,0.5823,0,20712.0,41.43,858125.74,414109.97,444015.78,85812.57,171625.15,186578.05,6250.0,180328.05,2333.33,40938.79,137055.93
2024-08-01,2024,8,Europe,Enterprise,Partner Network,Undefined,1.0,1.0484,1.0397,1.0688,0.1846,0.6296,0,22394.0,39.67,888426.24,428732.23,459694.01,88842.62,177685.25,193166.14,6250.0,186916.14,2333.33,42454.05,142128.76
2024-08-01,2024,8,Europe,Pro Plan,Direct Sales,Undefined,1.0,1.0484,1.0397,1.0688,0.0592,0.5869,0,20874.0,41.25,861104.45,415547.42,445557.03,86110.45,172220.89,187225.7,6250.0,180975.7,2333.33,41087.74,137554.62
2024-08-01,2024,8,Europe,Pro Plan,Partner Network,Undefined,1.0,1.0484,1.0397,1.0688,0.1818,0.6286,0,22358.0,39.71,887788.44,428424.44,459364.0,88778.84,177557.69,193027.47,6250.0,186777.47,2333.33,42422.15,142021.98
2024-08-01,2024,8,Europe,Professional Services,Direct Sales,Undefined,1.0,1.0484,1.0397,1.0688,0.1327,0.6114,0,21745.0,40.33,876889.75,423165.0,453724.74,87688.97,175377.95,190657.82,6250.0,184407.82,2333.33,41877.13,140197.35
2024-08-01,2024,8,Europe,Professional Services,Partner Network,Undefined,1.0,1.0484,1.0397,1.0688,0.197,0.6341,0,22554.0,39.52,891246.89,430093.4,461153.49,89124.69,178249.38,193779.42,6250.0,187529.42,2333.33,42595.1,142600.99
2024-09-01,2024,9,North America,Enterprise,Direct Sales,Undefined,1.0,1.0086,1.0413,1.0724,0.1339,0.6002,0,21348.0,40.39,862149.82,417338.58,444811.23,86214.98,172429.96,186166.29,6250.0,179916.29,2333.33,40844.08,136738.88
2024-09-01,2024,9,North America,Enterprise,Partner Network,Undefined,1.0,1.0086,1.0413,1.0724,0.2127,0.6277,0,22328.0,39.39,879517.3,425745.61,453771.68,87951.73,175903.46,189916.49,6250.0,183666.49,2333.33,41706.63,139626.53
2024-09-01,2024,9,North America,Pro Plan,Direct Sales,Undefined,1.0,1.0086,1.0413,1.0724,0.0765,0.5813,0,20675.0,41.11,849960.27,411438.02,438522.25,84996.03,169992.05,183534.17,6250.0,177284.17,2333.33,40238.69,134712.14
2024-09-01,2024,9,North America,Pro Plan,Partner Network,Undefined,1.0,1.0086,1.0413,1.0724,0.0767,0.5813,0,20677.0,41.11,850005.69,411460.01,438545.68,85000.57,170001.14,183543.97,6250.0,177293.97,2333.33,40240.95,134719.69
2024-09-01,2024,9,North America,Professional Services,Direct Sales,Undefined,1.0,1.0086,1.0413,1.0724,0.1279,0.5982,0,21276.0,40.46,860861.41,416714.91,444146.5,86086.14,172172.28,185888.08,6250.0,179638.08,2333.33,40780.09,136524.65
2024-09-01,2024,9,North America,Professional Services,Partner Network,Undefined,1.0,1.0086,1.0413,1.0724,0.4143,0.7079,0,25180.0,36.85,927789.29,449112.51,478676.78,92778.93,185557.86,200339.99,6250.0,194089.99,2333.33,44104.03,147652.63
2024-09-01,2024,9,Europe,Enterprise,Direct Sales,Undefined,1.0,1.0086,1.0413,1.0724,0.0179,0.5629,0,20021.0,41.85,837918.54,405609.01,432309.53,83791.85,167583.71,180933.96,6250.0,174683.96,2333.33,39640.65,132709.99
2024-09-01,2024,9,Europe,Enterprise,Partner Network,Undefined,1.0,1.0086,1.0413,1.0724,0.3688,0.6885,0,24488.0,37.42,916380.34,443589.81,472790.53,91638.03,183276.07,197876.43,6250.0,191626.43,2333.33,43537.41,145755.68
2024-09-01,2024,9,Europe,Pro Plan,Direct Sales,Undefined,1.0,1.0086,1.0413,1.0724,0.0909,0.586,0,20841.0,40.93,852993.91,412906.51,440087.4,85299.39,170598.78,184189.23,6250.0,177939.23,2333.33,40389.36,135216.54
2024-09-01,2024,9,Europe,Pro Plan,Partner Network,Undefined,1.0,1.0086,1.0413,1.0724,0.356,0.6832,0,24299.0,37.58,913221.59,442060.76,471160.83,91322.16,182644.32,197194.35,6250.0,190944.35,2333.33,43380.53,145230.48
2024-09-01,2024,9,Europe,Professional Services,Direct Sales,Undefined,1.0,1.0086,1.0413,1.0724,0.323,0.6698,0,23822.0,38.0,905216.83,438185.92,467030.91,90521.68,181043.37,195465.86,6250.0,189215.86,2333.33,42982.98,143899.55
2024-09-01,2024,9,Europe,Professional Services,Partner Network,Undefined,1.0,1.0086,1.0413,1.0724,0.1669,0.6115,0,21750.0,39.97,869324.78,420811.75,448513.03,86932.48,173864.96,187715.6,6250.0,181465.6,2333.33,41200.42,137931.84
2024-10-01,2024,10,North America,Enterprise,Direct Sales,Undefined,1.0,0.9043,1.0445,1.076,0.0615,0.5502,0,19570.0,41.4,810132.1,393753.29,416378.81,81013.21,162026.42,173339.18,6250.0,167089.18,2333.33,37893.84,126862.0
2024-10-01,2024,10,North America,Enterprise,Partner Network,Undefined,1.0,0.9043,1.0445,1.076,0.0522,0.5474,0,19471.0,41.51,808302.57,392864.08,415438.5,80830.26,161660.51,172947.72,6250.0,166697.72,2333.33,37803.81,126560.58
2024-10-01,2024,10,North America,Pro Plan,Direct Sales,Undefined,1.0,0.9043,1.0445,1.076,0.2011,0.5951,0,21167.0,39.63,838879.14,407725.39,431153.75,83887.91,167775.83,179490.01,6250.0,173240.01,2333.33,39308.54,131598.14
2024-10-01,2024,10,North America,Pro Plan,Partner Network,Undefined,1.0,0.9043,1.0445,1.076,0.1598,0.5813,0,20674.0,40.15,830135.42,403475.63,426659.8,83013.54,166027.08,177619.17,6250.0,171369.17,2333.33,38878.24,130157.59
2024-10-01,2024,10,North America,Professional Services,Direct Sales,Undefined,1.0,0.9043,1.0445,1.076,0.0484,0.5463,0,19429.0,41.56,807538.58,392492.75,415045.83,80753.86,161507.72,172784.26,6250.0,166534.26,2333.33,37766.21,126434.71
2024-10-01,2024,10,North America,Professional Services,Partner Network,Undefined,1.0,0.9043,1.0445,1.076,0.1682,0.584,0,20773.0,40.05,831901.49,404334.0,427567.49,83190.15,166380.3,177997.05,6250.0,171747.05,2333.33,38965.15,130448.56
2024-10-01,2024,10,Europe,Enterprise,Direct Sales,Undefined,1.0,0.9043,1.0445,1.076,0.0587,0.5494,0,19540.0,41.43,809579.02,393484.48,416094.54,80957.9,161915.8,173220.84,6250.0,166970.84,2333.33,37866.63,126770.88
2024-10-01,2024,10,Europe,Enterprise,Partner Network,Undefined,1.0,0.9043,1.0445,1.076,0.1086,0.5648,0,20087.0,40.8,819575.19,398342.97,421232.22,81957.52,163915.04,175359.66,6250.0,169109.66,2333.33,38358.56,128417.77
2024-10-01,2024,10,Europe,Pro Plan,Direct Sales,Undefined,1.0,0.9043,1.0445,1.076,0.223,0.6027,0,21438.0,39.35,843621.35,410030.27,433591.08,84362.13,168724.27,180504.67,6250.0,174254.67,2333.33,39541.91,132379.43
2024-10-01,2024,10,Europe,Pro Plan,Partner Network,Undefined,1.0,0.9043,1.0445,1.076,0.0432,0.5447,0,19375.0,41.63,806532.63,392003.82,414528.81,80653.26,161306.53,172569.02,6250.0,166319.02,2333.33,37716.71,126268.98
2024-10-01,2024,10,Europe,Professional Services,Direct Sales,Undefined,1.0,0.9043,1.0445,1.076,0.091,0.5593,0,19892.0,41.02,816019.8,396614.92,419404.87,81601.98,163203.96,174598.93,6250.0,168348.93,2333.33,38183.59,127832.01
2024-10-01,2024,10,Europe,Professional Services,Partner Network,Undefined,1.0,0.9043,1.0445,1.076,0.1478,0.5773,0,20535.0,40.3,827641.38,402263.43,425377.95,82764.14,165528.28,177085.53,6250.0,170835.53,2333.33,38755.51,129746.69
2024-11-01,2024,11,North America,Enterprise,Direct Sales,Undefined,1.0,1.1116,1.0576,1.0795,0.2879,0.6736,0,23958.0,38.74,928025.89,455710.91,472314.98,92802.59,185605.18,193907.21,6250.0,187657.21,2333.33,42624.49,142699.39
2024-11-01,2024,11,North America,Enterprise,Partner Network,Undefined,1.0,1.1116,1.0576,1.0795,0.1992,0.6397,0,22752.0,39.86,906954.3,445363.62,461590.68,90695.43,181390.86,189504.39,6250.0,183254.39,2333.33,41611.84,139309.21
2024-11-01,2024,11,North America,Pro Plan,Direct Sales,Undefined,1.0,1.1116,1.0576,1.0795,0.0756,0.5966,0,21221.0,41.44,879315.47,431791.46,447524.01,87931.55,175863.09,183729.37,6250.0,177479.37,2333.33,40283.59,134862.45
2024-11-01,2024,11,North America,Pro Plan,Partner Network,Undefined,1.0,1.1116,1.0576,1.0795,0.1603,0.6256,0,22252.0,40.36,898044.38,440988.37,457056.01,89804.44,179608.88,187642.7,6250.0,181392.7,2333.33,41183.65,137875.71
2024-11-01,2024,11,North America,Professional Services,Direct Sales,Undefined,1.0,1.1116,1.0576,1.0795,0.2088,0.6432,0,22878.0,39.74,909186.05,446459.53,462726.52,90918.6,181837.21,189970.7,6250.0,183720.7,2333.33,41719.1,139668.28
2024-11-01,2024,11,North America,Professional Services,Partner Network,Undefined,1.0,1.1116,1.0576,1.0795,0.0823,0.5989,0,21300.0,41.35,880771.84,432506.61,448265.22,88077.18,176154.37,184033.67,6250.0,177783.67,2333.33,40353.58,135096.76
2024-11-01,2024,11,Europe,Enterprise,Direct Sales,Undefined,1.0,1.1116,1.0576,1.0795,0.1658,0.6276,0,22322.0,40.29,899306.56,441608.17,457698.39,89930.66,179861.31,187906.43,6250.0,181656.43,2333.33,41244.31,138078.78
2024-11-01,2024,11,Europe,Enterprise,Partner Network,Undefined,1.0,1.1116,1.0576,1.0795,0.3251,0.6887,0,24495.0,38.26,937206.85,460219.26,476987.59,93720.68,187441.37,195825.54,6250.0,189575.54,2333.33,43065.71,144176.5
2024-11-01,2024,11,Europe,Pro Plan,Direct Sales,Undefined,1.0,1.1116,1.0576,1.0795,0.0999,0.6047,0,21509.0,41.13,884595.64,434384.31,450211.33,88459.56,176919.13,184832.64,6250.0,178582.64,2333.33,40537.34,135711.97
2024-11-01,2024,11,Europe,Pro Plan,Partner Network,Undefined,1.0,1.1116,1.0576,1.0795,0.3367,0.6935,0,24666.0,38.11,940103.72,461641.78,478461.94,94010.37,188020.74,196430.83,6250.0,190180.83,2333.33,43204.92,144642.57
2024-11-01,2024,11,Europe,Professional Services,Direct Sales,Undefined,1.0,1.1116,1.0576,1.0795,0.368,0.7067,0,25136.0,37.72,948030.84,465534.42,482496.42,94803.08,189606.17,198087.16,6250.0,191837.16,2333.33,43585.88,145917.95
2024-11-01,2024,11,Europe,Professional Services,Partner Network,Undefined,1.0,1.1116,1.0576,1.0795,0.0981,0.6041,0,21488.0,41.15,884203.23,434191.61,450011.61,88420.32,176840.65,184750.65,6250.0,178500.65,2333.33,40518.48,135648.83
2024-12-01,2024,12,North America,Enterprise,Direct Sales,Undefined,1.0,1.0605,1.0609,1.0831,0.1006,0.5906,0,21008.0,41.21,865814.8,426917.66,438897.14,86581.48,173162.96,179152.7,6250.0,172902.7,2333.33,39230.95,131338.41
2024-12-01,2024,12,North America,Enterprise,Partner Network,Undefined,1.0,1.0605,1.0609,1.0831,0.343,0.6796,0,24171.0,38.12,921504.57,454377.28,467127.29,92150.46,184300.91,190675.92,6250.0,184425.92,2333.33,41881.29,140211.29
2024-12-01,2024,12,North America,Pro Plan,Direct Sales,Undefined,1.0,1.0605,1.0609,1.0831,0.1266,0.5993,0,21315.0,40.88,871421.21,429682.08,441739.13,87142.12,174284.24,180312.77,6250.0,174062.77,2333.33,39497.77,132231.66
2024-12-01,2024,12,North America,Pro Plan,Partner Network,Undefined,1.0,1.0605,1.0609,1.0831,0.0596,0.5774,0,20536.0,41.74,857116.01,422628.45,434487.57,85711.6,171423.2,177352.76,6250.0,171102.76,2333.33,38816.97,129952.46
2024-12-01,2024,12,North America,Professional Services,Direct Sales,Undefined,1.0,1.0605,1.0609,1.0831,0.0644,0.5789,0,20590.0,41.68,858121.1,423124.04,434997.06,85812.11,171624.22,177560.73,6250.0,171310.73,2333.33,38864.8,130112.6
2024-12-01,2024,12,North America,Professional Services,Partner Network,Undefined,1.0,1.0605,1.0609,1.0831,0.4389,0.7206,0,25631.0,36.9,945849.37,466381.27,479468.11,94584.94,189169.87,195713.3,6250.0,189463.3,2333.33,43039.89,144090.07
2024-12-01,2024,12,Europe,Enterprise,Direct Sales,Undefined,1.0,1.0605,1.0609,1.0831,0.04,0.5712,0,20317.0,41.99,853040.45,420618.86,432421.59,85304.04,170608.09,176509.45,6250.0,170259.45,2333.33,38623.01,129303.11
2024-12-01,2024,12,Europe,Enterprise,Partner Network,Undefined,1.0,1.0605,1.0609,1.0831,0.04,0.5712,0,20316.0,41.99,853037.41,420617.36,432420.05,85303.74,170607.48,176508.83,6250.0,170258.83,2333.33,38622.86,129302.63
2024-12-01,2024,12,Europe,Pro Plan,Direct Sales,Undefined,1.0,1.0605,1.0609,1.0831,0.1805,0.6178,0,21976.0,40.2,883324.41,435551.34,447773.08,88332.44,176664.88,182775.75,6250.0,176525.75,2333.33,40064.26,134128.16
2024-12-01,2024,12,Europe,Pro Plan,Partner Network,Undefined,1.0,1.0605,1.0609,1.0831,0.3709,0.6911,0,24582.0,37.77,928440.68,457797.35,470643.33,92844.07,185688.14,192111.12,6250.0,185861.12,2333.33,42211.39,141316.4
2024-12-01,2024,12,Europe,Professional Services,Direct Sales,Undefined,1.0,1.0605,1.0609,1.0831,0.2307,0.636,0,22620.0,39.56,894737.22,441178.79,453558.43,89473.72,178947.44,185137.27,6250.0,178887.27,2333.33,40607.41,135946.53
2024-12-01,2024,12,Europe,Professional Services,Partner Network,Undefined,1.0,1.0605,1.0609,1.0831,0.2513,0.6436,0,22892.0,39.29,899510.76,443532.53,455978.23,89951.08,179902.15,186125.0,6250.0,179875.0,2333.33,40834.58,136707.08
